[
  {
    "startLocation": {
      "description": "Karachi, Pakistan",
      "type": "Point",
      "coordinates": [-80.185942, 25.774772],
      "address": "301 Biscayne Blvd, Miami, FL 33132, USA"
    },
    "ratingsAverage": 4.5,
    "ratingsQuantity": 6,
    "images": ["tour-2-1.jpg", "tour-2-2.jpg", "tour-2-3.jpg"],
    "startDates": [
      "2021-06-19T09:00:00.000Z",
      "2021-07-20T09:00:00.000Z",
      "2021-08-18T09:00:00.000Z"
    ],
    "_id": "5c88fa8cf4afda39709c2955",
    "name": "The Sea Explorer",
    "duration": 7,
    "maxGroupSize": 15,
    "difficulty": "medium",
    "guides": ["5c8a22c62f8fb814b56fa18b", "5c8a1f4e2f8fb814b56fa185"],
    "price": 47500,
    "summary": "Exploring the jaw-dropping US east coast by foot and by boat",
    "description": "Clifton Beach Karachi is without any doubt the most visited place in the Karachi by residents and tourists for leisure and picnic. Commonly known as Sea View, this beach on Arabian Sea is open to public 24/7 and 365 days a year. There are multiple options available either for dinning, shopping or for activities as well. Gwadar Land of Beauty Stunning Gwadar beach is also for best sceneries and we are providing 3 days valley warm water deep sea, white sand dessert, pristine beaches with white dunes and hills along the beach belts, naturally craved sphinx surrounded by crystal waters and supple waves layering, Gwadar is a master piece of natural beauty",
    "imageCover": "tour-2-cover.jpg",
    "locations": [
      {
        "_id": "5c88fa8cf4afda39709c2959",
        "description": "Lummus Park Beach",
        "type": "Point",
        "coordinates": [-80.128473, 25.781842],
        "day": 1
      },
      {
        "_id": "5c88fa8cf4afda39709c2958",
        "description": "Islamorada",
        "type": "Point",
        "coordinates": [-80.647885, 24.909047],
        "day": 2
      },
      {
        "_id": "5c88fa8cf4afda39709c2957",
        "description": "Sombrero Beach",
        "type": "Point",
        "coordinates": [-81.0784, 24.707496],
        "day": 3
      },
      {
        "_id": "5c88fa8cf4afda39709c2956",
        "description": "West Key",
        "type": "Point",
        "coordinates": [-81.768719, 24.552242],
        "day": 5
      }
    ]
  },
  {
    "startLocation": {
      "description": "Skardu, Pakistan",
      "type": "Point",
      "coordinates": [-115.570154, 51.178456],
      "address": "224 Banff Ave, Banff, AB, Canada"
    },
    "ratingsAverage": 5,
    "ratingsQuantity": 9,
    "images": ["tour-1-1.jpg", "tour-1-2.jpg", "tour-1-3.jpg"],
    "startDates": [
      "2021-04-25T09:00:00.000Z",
      "2021-07-20T09:00:00.000Z",
      "2021-10-05T09:00:00.000Z"
    ],
    "_id": "5c88fa8cf4afda39709c2951",
    "name": "The Snow Adventure",
    "duration": 5,
    "maxGroupSize": 25,
    "difficulty": "easy",
    "guides": [
      "5c8a21d02f8fb814b56fa189",
      "5c8a201e2f8fb814b56fa186",
      "5c8a1f292f8fb814b56fa184"
    ],
    "price": 397,
    "summary": "Exciting adventure in  the snow  with snow boarding and skiing",
    "description": "Unprecedented winter in Satpara lake and lower kachura lake. Our Skardu tour package is tailor-made for foreign and domestic tourists who have interest in a road trip to the north of Pakistan. Himalayan and Karakoram ranges of Pakistan are covered in our itinerary. Founded in Gilgit-Baltistan, Apricot Tours specializes in designing and executing all trips in GB. Our local guides and support staff provide a friendly host-guest environment during tours to Gilgit-Baltistan that others are not able to deliver",
    "imageCover": "tour-1-cover.jpg",
    "locations": [
      {
        "_id": "5c88fa8cf4afda39709c2954",
        "description": "Banff National Park",
        "type": "Point",
        "coordinates": [-116.214531, 51.417611],
        "day": 1
      },
      {
        "_id": "5c88fa8cf4afda39709c2953",
        "description": "Jasper National Park",
        "type": "Point",
        "coordinates": [-118.076152, 52.875223],
        "day": 3
      },
      {
        "_id": "5c88fa8cf4afda39709c2952",
        "description": "Glacier National Park of Canada",
        "type": "Point",
        "coordinates": [-117.490309, 51.261937],
        "day": 5
      }
    ]
  },
  {
    "startLocation": {
      "description": "Mushkpuri, Himilia, Pakistan",
      "type": "Point",
      "coordinates": [-106.822318, 39.190872],
      "address": "419 S Mill St, Aspen, CO 81611, USA"
    },
    "ratingsAverage": 4.5,
    "ratingsQuantity": 6,
    "images": ["tour-3-1.jpg", "tour-3-2.jpg", "tour-3-3.jpg"],
    "startDates": [
      "2022-01-05T10:00:00.000Z",
      "2022-02-12T10:00:00.000Z",
      "2023-01-06T10:00:00.000Z"
    ],
    "_id": "5c88fa8cf4afda39709c295a",
    "name": "The Jungle Nights",
    "duration": 4,
    "maxGroupSize": 10,
    "difficulty": "difficult",
    "guides": [
      "5c8a21d02f8fb814b56fa189",
      "5c8a23412f8fb814b56fa18c",
      "5c8a1f4e2f8fb814b56fa185"
    ],
    "price": 997,
    "summary": "The best jungle trekking Destination in Pakistan. Breathtaking hike through Top forest",
    "description": "If you want to feel relaxed and calm and want to be at a peaceful place then it should be the Mukhshpuri Top. It is located in Nathia Gali. It is 2 hours away from Dunga Gali. You can hire horses. It is a real adventure of trees and colorful flowers. In winters, it is very difficult to visit Mukshpuri because it becomes slippery. However, it is pretty cold too Himalayan Forest Himalayan Moist Temperate Forests are known for their evergreen conifers and a variety of other species, including oak trees and deciduous broad-leafed trees.",
    "imageCover": "tour-3-cover.jpg",
    "locations": [
      {
        "_id": "5c88fa8cf4afda39709c295c",
        "description": "Aspen Highlands",
        "type": "Point",
        "coordinates": [-106.855385, 39.182677],
        "day": 1
      },
      {
        "_id": "5c88fa8cf4afda39709c295b",
        "description": "Beaver Creek",
        "type": "Point",
        "coordinates": [-106.516623, 39.60499],
        "day": 2
      }
    ]
  },
  {
    "startLocation": {
      "description": "Lahore, Pakistan",
      "type": "Point",
      "coordinates": [-115.172652, 36.110904],
      "address": "3663 S Las Vegas Blvd, Las Vegas, NV 89109, USA"
    },
    "ratingsAverage": 4.7,
    "ratingsQuantity": 7,
    "images": ["tour-5-1.jpg", "tour-5-2.jpg", "tour-5-3.jpg"],
    "startDates": [
      "2021-08-05T09:00:00.000Z",
      "2022-03-20T10:00:00.000Z",
      "2022-08-12T09:00:00.000Z"
    ],
    "_id": "5c88fa8cf4afda39709c2961",
    "name": "The City Life",
    "duration": 10,
    "maxGroupSize": 15,
    "difficulty": "medium",
    "guides": [
      "5c8a21f22f8fb814b56fa18a",
      "5c8a23412f8fb814b56fa18c",
      "5c8a201e2f8fb814b56fa186"
    ],
    "price": 35500,
    "summary": "living the life in the thousands of years old cities",
    "description": "Lahore, Pakistan, is popular for its array of tourist activities. From seeing priceless artifacts to historical sites to shopping places to a variety of restaurants, the options are endless. The Lahore Fort, or the Shahi Qila, is a wonderful and one-of-a-kind Mughal structure. This massive compound is a treat for all art lovers who have the option to bask in the beauty of different gardens, palaces, halls, mosques and other such buildings and constructions that are located within the Lahore Fort.",
    "imageCover": "tour-5-cover.jpg",
    "locations": [
      {
        "_id": "5c88fa8cf4afda39709c2965",
        "description": "Zion Canyon National Park",
        "type": "Point",
        "coordinates": [-112.987418, 37.198125],
        "day": 1
      },
      {
        "_id": "5c88fa8cf4afda39709c2964",
        "description": "Antelope Canyon",
        "type": "Point",
        "coordinates": [-111.376161, 36.86438],
        "day": 4
      },
      {
        "_id": "5c88fa8cf4afda39709c2963",
        "description": "Grand Canyon National Park",
        "type": "Point",
        "coordinates": [-112.115763, 36.058973],
        "day": 5
      },
      {
        "_id": "5c88fa8cf4afda39709c2962",
        "description": "Joshua Tree National Park",
        "type": "Point",
        "coordinates": [-116.107963, 34.011646],
        "day": 9
      }
    ]
  },
  {
    "startLocation": {
      "description": "Islamabad, Pakistan",
      "type": "Point",
      "coordinates": [-73.985141, 40.75894],
      "address": "Manhattan, NY 10036, USA"
    },
    "ratingsAverage": 4.6,
    "ratingsQuantity": 5,
    "images": ["tour-4-1.jpg", "tour-4-2.jpg", "tour-4-3.jpg"],
    "startDates": [
      "2021-03-11T10:00:00.000Z",
      "2021-05-02T09:00:00.000Z",
      "2021-06-09T09:00:00.000Z"
    ],
    "_id": "5c88fa8cf4afda39709c295d",
    "name": "The City Wanderer",
    "duration": 9,
    "maxGroupSize": 20,
    "difficulty": "easy",
    "guides": ["5c8a22c62f8fb814b56fa18b", "5c8a201e2f8fb814b56fa186"],
    "price": 40500,
    "summary": "Surfing, skating, parajumping, rock climbing and more, all in one tour",
    "description": "The megneficent Islamabad is becoming new sports city in Pakistan where you can participate in distinguished adventure sports like mountaineering, rock-climbing, scuba diving, water rafting, kayaking, canoeing, sailing, surfing, water scooting. Aero sports like: ballooning, paragliding, hand gliding and much more.",
    "imageCover": "tour-4-cover.jpg",
    "locations": [
      {
        "_id": "5c88fa8cf4afda39709c2960",
        "description": "New York",
        "type": "Point",
        "coordinates": [-73.967696, 40.781821],
        "day": 1
      },
      {
        "_id": "5c88fa8cf4afda39709c295f",
        "description": "Los Angeles",
        "type": "Point",
        "coordinates": [-118.324396, 34.097984],
        "day": 3
      },
      {
        "_id": "5c88fa8cf4afda39709c295e",
        "description": "San Francisco",
        "type": "Point",
        "coordinates": [-122.408865, 37.787825],
        "day": 5
      }
    ]
  },
  {
    "startLocation": {
      "description": "Nanga Parbat, Pakistan",
      "type": "Point",
      "coordinates": [-118.803461, 34.006072],
      "address": "29130 Cliffside Dr, Malibu, CA 90265, USA"
    },
    "ratingsAverage": 3.9,
    "ratingsQuantity": 7,
    "images": ["tour-6-1.jpg", "tour-6-2.jpg", "tour-6-3.jpg"],
    "startDates": [
      "2021-07-19T09:00:00.000Z",
      "2021-09-06T09:00:00.000Z",
      "2022-03-18T10:00:00.000Z"
    ],
    "_id": "5c88fa8cf4afda39709c2966",
    "name": "The Park Camper",
    "duration": 14,
    "maxGroupSize": 8,
    "difficulty": "difficult",
    "guides": [
      "5c8a21f22f8fb814b56fa18a",
      "5c8a1f292f8fb814b56fa184",
      "5c8a1f4e2f8fb814b56fa185"
    ],
    "price": 95000,
    "summary": "Breathing in Pakistans most unprecedented national parks",
    "description": "Nanga Parbat base camp trek is a grand adventure in the Himalayan region of Pakistan. More recently, it has become a very popular destination for mountaineering enthusiasts and trekkers from all over the world. Summers are considered the best trekking season in the Himalayan and Karakoram region of Pakistan. Considering the flow of tourists and demand for Nanga Parbat base camp trek, we carefully choose our dates for this trek.",
    "imageCover": "tour-6-cover.jpg",
    "locations": [
      {
        "_id": "5c88fa8cf4afda39709c296b",
        "description": "Point Dume Beach",
        "type": "Point",
        "coordinates": [-118.809361, 34.003098],
        "day": 1
      },
      {
        "_id": "5c88fa8cf4afda39709c296a",
        "description": "Venice Skate Park",
        "type": "Point",
        "coordinates": [-118.47549, 33.987367],
        "day": 4
      },
      {
        "_id": "5c88fa8cf4afda39709c2969",
        "description": "San Diego Skydive",
        "type": "Point",
        "coordinates": [-116.830104, 33.022843],
        "day": 6
      },
      {
        "_id": "5c88fa8cf4afda39709c2968",
        "description": "Kern River Rafting",
        "type": "Point",
        "coordinates": [-118.4547, 35.710359],
        "day": 7
      },
      {
        "_id": "5c88fa8cf4afda39709c2967",
        "description": "Yosemite National Park",
        "type": "Point",
        "coordinates": [-119.600492, 37.742371],
        "day": 10
      }
    ]
  }
]
